{
  "model_type": "dense",
  "retrieval_metrics": {
    "MRR": 0.8333333333333333,
    "F1": 0.27904761904761904
  },
  "generation_metrics": {
    "F1": 0.25757575757575757,
    "Exact_Match": 0.18,
    "ROUGE-1-F": 0.22524242256636184,
    "ROUGE-2-F": 0.08555555495679013,
    "ROUGE-L-F": 0.22524242256636184
  }
}