{
  "model_type": "bm25",
  "retrieval_metrics": {
    "MRR": 0.8611904761904762,
    "F1": 0.25952380952380955
  },
  "generation_metrics": {
    "F1": 0.18517893217893217,
    "Exact_Match": 0.06,
    "ROUGE-1-F": 0.16173448638790375,
    "ROUGE-2-F": 0.0772222216345679,
    "ROUGE-L-F": 0.16173448638790375
  }
}