{
  "model_type": "bm25",
  "retrieval_metrics": {
    "MRR": 0.8611904761904762,
    "F1": 0.25952380952380955
  },
  "generation_metrics": {
    "F1": 0.1884011544011544,
    "Exact_Match": 0.08,
    "ROUGE-1-F": 0.1600678195212371,
    "ROUGE-2-F": 0.053555555056790126,
    "ROUGE-L-F": 0.1600678195212371
  }
}